{"cameraMode":{"drawMode":2,"name":"Shaded Wireframe","section":"Shading Mode"},"sceneLighting":true,"audioPlay":false,"sceneViewState":{"showFog":false,"showMaterialUpdate":false,"showSkybox":false,"showFlares":false,"showImageEffects":false,"showParticleSystems":false},"in2DMode":false,"pivot":{"x":207.04074096679688,"y":-118.72149658203125,"z":-701.7802734375},"rotation":{"x":0.5368875861167908,"y":0.054502829909324649,"z":-0.034372277557849887,"w":0.8414759039878845},"size":202.1793212890625,"orthographic":false}