{"cameraMode":{"drawMode":0,"name":"Shaded","section":"Shading Mode"},"sceneLighting":true,"audioPlay":false,"sceneViewState":{"showFog":false,"showMaterialUpdate":false,"showSkybox":false,"showFlares":false,"showImageEffects":false,"showParticleSystems":false},"in2DMode":false,"pivot":{"x":340.6842346191406,"y":57.117279052734378,"z":82.69154357910156},"rotation":{"x":0.2007785439491272,"y":0.48886072635650637,"z":-0.12078484892845154,"w":0.840754508972168},"size":253.3534698486328,"orthographic":false}