{"cameraMode":{"drawMode":0,"name":"Shaded","section":"Shading Mode"},"sceneLighting":true,"audioPlay":false,"sceneViewState":{"showFog":false,"showMaterialUpdate":false,"showSkybox":false,"showFlares":false,"showImageEffects":false,"showParticleSystems":false},"in2DMode":false,"pivot":{"x":352.5140380859375,"y":-22.19232177734375,"z":-717.4620361328125},"rotation":{"x":-0.6814005374908447,"y":-0.0031672006007283928,"z":0.003595688147470355,"w":-0.7323290109634399},"size":391.78662109375,"orthographic":false}