{"cameraMode":{"drawMode":0,"name":"Shaded","section":"Shading Mode"},"sceneLighting":true,"audioPlay":false,"sceneViewState":{"showFog":false,"showMaterialUpdate":false,"showSkybox":false,"showFlares":false,"showImageEffects":false,"showParticleSystems":false},"in2DMode":false,"pivot":{"x":102.81964874267578,"y":-59.02357482910156,"z":104.42160034179688},"rotation":{"x":0.27617591619491579,"y":0.31127166748046877,"z":-0.09505919367074967,"w":0.904326856136322},"size":84.42623901367188,"orthographic":false}