{"cameraMode":{"drawMode":2,"name":"Shaded Wireframe","section":"Shading Mode"},"sceneLighting":true,"audioPlay":false,"sceneViewState":{"showFog":false,"showMaterialUpdate":false,"showSkybox":false,"showFlares":false,"showImageEffects":false,"showParticleSystems":false},"in2DMode":false,"pivot":{"x":211.36669921875,"y":75.31187438964844,"z":-867.655517578125},"rotation":{"x":0.5752223134040833,"y":-0.018196839839220048,"z":0.01330886036157608,"w":0.8179832100868225},"size":23.584203720092775,"orthographic":false}