{"cameraMode":{"drawMode":2,"name":"Shaded Wireframe","section":"Shading Mode"},"sceneLighting":true,"audioPlay":false,"sceneViewState":{"showFog":false,"showMaterialUpdate":false,"showSkybox":false,"showFlares":false,"showImageEffects":false,"showParticleSystems":false},"in2DMode":false,"pivot":{"x":527.2498779296875,"y":-738.6109008789063,"z":466.16876220703127},"rotation":{"x":0.4296620190143585,"y":0.2837861180305481,"z":-0.14430157840251923,"w":0.8450189828872681},"size":596.9356689453125,"orthographic":false}