{"cameraMode":{"drawMode":0,"name":"Shaded","section":"Shading Mode"},"sceneLighting":true,"audioPlay":false,"sceneViewState":{"showFog":true,"showMaterialUpdate":true,"showSkybox":true,"showFlares":true,"showImageEffects":true,"showParticleSystems":true},"in2DMode":false,"pivot":{"x":1406.3458251953125,"y":-644.3561401367188,"z":867.3030395507813},"rotation":{"x":-0.17321965098381043,"y":-0.47996410727500918,"z":0.09819956123828888,"w":-0.854735791683197},"size":838.8099975585938,"orthographic":false}