{"cameraMode":{"drawMode":0,"name":"Shaded","section":"Shading Mode"},"sceneLighting":true,"audioPlay":false,"sceneViewState":{"showFog":true,"showMaterialUpdate":true,"showSkybox":true,"showFlares":true,"showImageEffects":true,"showParticleSystems":true},"in2DMode":false,"pivot":{"x":88.25811767578125,"y":1.4311370849609376,"z":21.82098388671875},"rotation":{"x":0.5391291975975037,"y":-0.002525217831134796,"z":0.0016185916028916836,"w":0.8422308564186096},"size":79.4174575805664,"orthographic":false}